""	TARA_AON_82_MAG_00198
TARA_004_DCM_0.22-1.6	0
TARA_004_DCM_0.8-5	0
TARA_004_SRF_0.22-1.6	0
TARA_004_SRF_0.8-5	0
TARA_004_SRF_180-2000	0
TARA_004_SRF_5-20	0
TARA_005_DCM_180-2000	0
TARA_005_SRF_180-2000	0
TARA_006_DCM_0.8-5	0
TARA_006_SRF_0.8-5	0
TARA_006_SRF_5-20	0
TARA_007_DCM_0.22-1.6	0
TARA_007_DCM_0.8-5	0
TARA_007_DCM_180-2000	0
TARA_007_DCM_20-180	0
TARA_007_SRF_0.8-5	0
TARA_007_SRF_180-2000	0
TARA_007_SRF_20-180	0
TARA_008_DCM_180-2000	0
TARA_008_DCM_20-180	0
TARA_008_SRF_0.8-5	0
TARA_008_SRF_20-180	0
TARA_009_DCM_180-2000	0
TARA_009_SRF_0.8-5	0
TARA_009_SRF_180-2000	0
TARA_010_DCM_0.8-5	0
TARA_010_DCM_180-2000	0
TARA_010_DCM_20-180	0
TARA_010_SRF_0.8-5	0
TARA_010_SRF_20-180	0
TARA_011_SRF_180-2000	0
TARA_011_SRF_20-180	0
TARA_012_DCM_20-180	0
TARA_012_SRF_20-180	0
TARA_014_SRF_20-180	0
TARA_016_SRF_0.8-5	0
TARA_017_DCM_20-180	0
TARA_017_SRF_20-180	0
TARA_018_DCM_0.22-1.6	0
TARA_018_DCM_0.8-5	0
TARA_018_DCM_180-2000	0
TARA_018_DCM_20-180	0
TARA_018_DCM_5-20	0
TARA_018_SRF_0.22-1.6	0
TARA_018_SRF_0.8-5	0
TARA_018_SRF_180-2000	0
TARA_018_SRF_20-180	0
TARA_019_SRF_0.8-5	0
TARA_019_SRF_20-180	0
TARA_019_SRF_5-20	0
TARA_019_ZZZ_180-2000	0
TARA_020_SRF_180-2000	0
TARA_021_SRF_0.8-5	0
TARA_021_SRF_20-180	0
TARA_021_ZZZ_180-2000	0
TARA_022_DCM_0.8-5	0
TARA_022_DCM_180-2000	0
TARA_022_DCM_5-20	0
TARA_022_SRF_0.8-5	0
TARA_022_SRF_180-2000	0
TARA_022_SRF_20-180	0
TARA_022_SRF_5-20	0
TARA_023_DCM_0.22-1.6	0
TARA_023_DCM_0.8-5	0
TARA_023_DCM_180-2000	0
TARA_023_DCM_5-20	0
TARA_023_SRF_0.22-1.6	0
TARA_023_SRF_0.8-5	0
TARA_023_SRF_180-2000	0
TARA_023_SRF_20-180	0
TARA_023_SRF_5-20	0
TARA_024_SRF_180-2000	0
TARA_024_SRF_20-180	0
TARA_025_DCM_0.22-1.6	0
TARA_025_DCM_0.8-5	0
TARA_025_DCM_180-2000	0
TARA_025_SRF_0.22-1.6	0
TARA_025_SRF_0.8-5	0
TARA_025_SRF_180-2000	0
TARA_026_SRF_180-2000	0
TARA_026_SRF_20-180	0
TARA_030_DCM_0.8-5	0
TARA_030_DCM_20-180	0
TARA_030_SRF_0.8-5	0
TARA_030_SRF_180-2000	0
TARA_030_SRF_20-180	0
TARA_031_SRF_0.22-1.6	0
TARA_031_SRF_180-2000	0
TARA_031_SRF_20-180	0
TARA_032_DCM_0.22-1.6	0
TARA_032_DCM_0.8-5	0
TARA_032_DCM_180-2000	0
TARA_032_DCM_20-180	0
TARA_032_SRF_0.22-1.6	0
TARA_032_SRF_0.8-5	0
TARA_032_SRF_180-2000	0
TARA_032_SRF_20-180	0
TARA_033_SRF_0.22-1.6	0
TARA_033_SRF_180-2000	0
TARA_033_SRF_20-180	0
TARA_034_DCM_0.22-1.6	0
TARA_034_DCM_0.8-5	0
TARA_034_DCM_180-2000	0
TARA_034_DCM_20-180	0
TARA_034_SRF_0.22-1.6	0
TARA_034_SRF_180-2000	0
TARA_034_SRF_20-180	0
TARA_036_DCM_0.22-1.6	0
TARA_036_DCM_0.8-5	0
TARA_036_DCM_180-2000	0
TARA_036_DCM_20-180	0
TARA_036_SRF_0.22-1.6	0
TARA_036_SRF_0.8-5	0
TARA_036_SRF_180-2000	0
TARA_036_SRF_20-180	0
TARA_038_DCM_0.22-1.6	0
TARA_038_DCM_0.8-5	0
TARA_038_DCM_20-180	0
TARA_038_SRF_0.22-1.6	0
TARA_039_DCM_0.8-5	0
TARA_039_DCM_180-2000	0
TARA_039_DCM_20-180	0
TARA_039_SRF_20-180	0
TARA_041_DCM_0.22-1.6	0
TARA_041_DCM_0.8-5	0
TARA_041_DCM_180-2000	0
TARA_041_DCM_20-180	0
TARA_041_SRF_0.22-1.6	0
TARA_041_SRF_0.8-5	0
TARA_041_SRF_180-2000	0
TARA_041_SRF_20-180	0
TARA_042_DCM_0.22-1.6	0
TARA_042_DCM_0.8-5	0
TARA_042_DCM_180-2000	0
TARA_042_DCM_20-180	0
TARA_042_SRF_0.22-1.6	0
TARA_042_SRF_0.8-5	0
TARA_042_SRF_20-180	0
TARA_043_SRF_0.8-5	0
TARA_043_SRF_180-2000	0
TARA_043_SRF_20-180	0
TARA_043_SRF_5-20	0
TARA_045_SRF_0.22-1.6	0
TARA_045_SRF_0.8-5	0
TARA_045_SRF_180-2000	0
TARA_045_SRF_20-180	0
TARA_045_SRF_5-20	0
TARA_046_SRF_0.8-5	0
TARA_046_SRF_180-2000	0
TARA_046_SRF_20-180	0
TARA_046_SRF_5-20	0
TARA_047_DCM_0.8-20	0
TARA_047_SRF_180-2000	0
TARA_047_SRF_20-180	0
TARA_048_SRF_0.22-1.6	0
TARA_049_SRF_180-2000	0
TARA_049_SRF_20-180	0
TARA_050_DCM_0.8-5	0
TARA_050_DCM_180-2000	0
TARA_050_DCM_5-20	0
TARA_050_SRF_0.8-5	0
TARA_050_SRF_20-180	0
TARA_051_DCM_0.8-5	0
TARA_051_DCM_180-2000	0
TARA_051_DCM_20-180	0
TARA_051_SRF_180-2000	0
TARA_051_SRF_20-180	0
TARA_051_SRF_5-20	0
TARA_052_DCM_0.22-1.6	0
TARA_053_SRF_0.8-5	0
TARA_053_SRF_180-2000	0
TARA_053_SRF_20-180	0
TARA_053_SRF_5-20	0
TARA_054_SRF_180-2000	0
TARA_054_SRF_20-180	0
TARA_054_SRF_5-20	0
TARA_056_SRF_0.22-3	0
TARA_057_SRF_0.8-5	0
TARA_057_SRF_20-180	0
TARA_058_DCM_0.8-5	0
TARA_058_DCM_180-2000	0
TARA_058_DCM_20-180	0
TARA_058_SRF_0.8-5	0
TARA_058_SRF_20-180	0
TARA_058_SRF_5-20	0
TARA_062_SRF_0.8-5	0
TARA_062_SRF_180-2000	0
TARA_062_SRF_20-180	0
TARA_064_DCM_0.22-3	0
TARA_064_DCM_20-180	0
TARA_064_SRF_0.22-3	0
TARA_064_SRF_5-20	
TARA_065_DCM_0.22-3	0
TARA_065_DCM_0.8-5	0
TARA_065_SRF_180-2000	0
TARA_065_SRF_20-180	0
TARA_066_DCM_0.22-3	0
TARA_066_SRF_0.8-5	0
TARA_066_SRF_180-2000	0
TARA_066_SRF_20-180	0
TARA_067_SRF_0.8-5	0
TARA_067_SRF_0.8->	0
TARA_067_SRF_180-2000	
TARA_067_SRF_5-20	0
TARA_068_DCM_0.22-3	0
TARA_068_DCM_0.8-5	0
TARA_068_DCM_0.8->	0
TARA_068_DCM_180-2000	0
TARA_068_SRF_0.22-3	0
TARA_068_SRF_0.8-5	0
TARA_068_SRF_0.8->	0
TARA_068_SRF_180-2000	0
TARA_068_SRF_20-180	0
TARA_070_SRF_0.22-3	0
TARA_070_SRF_0.8-5	0
TARA_070_SRF_0.8->	0
TARA_070_SRF_180-2000	0
TARA_070_SRF_20-180	0
TARA_070_SRF_5-20	0
TARA_071_SRF_0.8-5	0
TARA_071_SRF_0.8->	0
TARA_071_SRF_180-2000	0
TARA_071_SRF_20-180	0
TARA_072_DCM_0.22-3	0
TARA_072_DCM_0.8-5	0
TARA_072_SRF_0.22-3	0
TARA_072_SRF_0.8->	0
TARA_072_SRF_180-2000	0
TARA_076_DCM_0.22-3	0
TARA_076_DCM_0.8-5	0
TARA_076_DCM_0.8->	0
TARA_076_DCM_180-2000	0
TARA_076_DCM_20-180	0
TARA_076_DCM_5-20	0
TARA_076_SRF_0.22-3	0
TARA_076_SRF_0.8-5	0
TARA_076_SRF_0.8->	0
TARA_076_SRF_180-2000	0
TARA_076_SRF_20-180	0
TARA_076_SRF_5-20	0
TARA_078_DCM_0.22-3	0
TARA_078_DCM_0.8-5	0
TARA_078_DCM_0.8->	0
TARA_078_DCM_180-2000	0
TARA_078_DCM_20-180	0
TARA_078_SRF_0.8-5	0
TARA_078_SRF_0.8->	0
TARA_078_SRF_180-2000	0
TARA_078_SRF_20-180	0
TARA_078_SRF_5-20	0
TARA_080_DCM_0.8-5	0
TARA_080_DCM_180-2000	0
TARA_080_DCM_20-180	0
TARA_080_DCM_5-20	0
TARA_080_SRF_0.8-5	0
TARA_080_SRF_0.8->	0
TARA_080_SRF_180-2000	0
TARA_080_SRF_20-180	0
TARA_081_DCM_0.8-5	0
TARA_081_DCM_180-2000	0
TARA_081_DCM_20-180	0
TARA_081_DCM_5-20	
TARA_081_SRF_0.8-5	0
TARA_081_SRF_20-180	0
TARA_081_SRF_5-20	0
TARA_082_DCM_0.22-3	0
TARA_082_SRF_0.22-3	0
TARA_082_SRF_0.8->	0
TARA_083_SRF_0.8-5	0
TARA_083_SRF_0.8->	0
TARA_083_SRF_20-180	0
TARA_084_SRF_0.22-3	0
TARA_084_SRF_0.8-5	0
TARA_084_SRF_0.8->	0
TARA_085_DCM_0.22-3	0
TARA_085_DCM_0.8-5	0
TARA_085_DCM_180-2000	0
TARA_085_DCM_20-180	0
TARA_085_SRF_0.22-3	0
TARA_085_SRF_20-180	0
TARA_086_DCM_0.8-5	0
TARA_086_DCM_0.8->	0
TARA_086_DCM_180-2000	0
TARA_086_SRF_0.8-5	0
TARA_086_SRF_0.8->	0
TARA_086_SRF_180-2000	0
TARA_086_SRF_20-180	0
TARA_086_SRF_5-20	0
TARA_087_SRF_0.8-5	0
TARA_087_SRF_0.8->	0
TARA_087_SRF_180-2000	0
TARA_087_SRF_20-180	0
TARA_087_SRF_5-20	0
TARA_088_SRF_0.8-5	0
TARA_088_SRF_0.8->	0
TARA_088_SRF_180-2000	0
TARA_088_SRF_20-180	0
TARA_089_SRF_0.8-5	0
TARA_089_SRF_0.8->	0
TARA_089_SRF_180-2000	0
TARA_089_SRF_20-180	0
TARA_090_SRF_0.8-5	0
TARA_090_SRF_180-2000	0
TARA_090_SRF_20-180	0
TARA_090_SRF_5-20	0
TARA_091_SRF_0.8-5	0
TARA_091_SRF_20-180	0
TARA_091_SRF_5-20	0
TARA_092_SRF_0.8-5	0
TARA_092_SRF_0.8->	0
TARA_092_SRF_20-180	0
TARA_092_SRF_5-20	0
TARA_093_DCM_0.8-5	0
TARA_093_DCM_180-2000	0
TARA_093_DCM_20-180	0
TARA_093_SRF_0.8-5	0
TARA_093_SRF_180-2000	0
TARA_093_SRF_20-180	0
TARA_093_SRF_5-20	0
TARA_094_SRF_0.8-5	0
TARA_094_SRF_0.8->	0
TARA_094_SRF_180-2000	0
TARA_094_SRF_20-180	0
TARA_094_SRF_5-20	0
TARA_095_SRF_0.8-5	0
TARA_095_SRF_0.8->	0
TARA_095_SRF_180-2000	0
TARA_095_SRF_20-180	0
TARA_096_DCM_0.8-5	0
TARA_096_DCM_0.8->	0
TARA_096_DCM_180-2000	0
TARA_096_DCM_5-20	0
TARA_096_SRF_0.8-5	0
TARA_096_SRF_0.8->	0
TARA_096_SRF_180-2000	0
TARA_096_SRF_20-180	0
TARA_096_SRF_5-20	0
TARA_097_DCM_0.8-5	0
TARA_097_DCM_0.8->	0
TARA_097_DCM_180-2000	0
TARA_097_SRF_0.8-5	0
TARA_097_SRF_0.8->	0
TARA_097_SRF_180-2000	0
TARA_097_SRF_20-180	0
TARA_098_DCM_0.22-3	0
TARA_098_DCM_180-2000	0
TARA_098_SRF_0.22-3	0
TARA_098_SRF_0.8-5	0
TARA_098_SRF_180-2000	0
TARA_098_SRF_20-180	0
TARA_098_SRF_5-20	0
TARA_099_SRF_0.22-3	0
TARA_099_SRF_0.8-5	0
TARA_099_SRF_0.8->	0
TARA_099_SRF_180-2000	0
TARA_099_SRF_20-180	0
TARA_099_SRF_5-20	0
TARA_100_DCM_0.22-3	0
TARA_100_DCM_0.8-5	0
TARA_100_DCM_0.8->	0
TARA_100_DCM_180-2000	0
TARA_100_DCM_20-180	0
TARA_100_SRF_0.8-5	0
TARA_100_SRF_0.8->	0
TARA_100_SRF_180-2000	0
TARA_100_SRF_20-180	0
TARA_100_SRF_5-20	0
TARA_102_DCM_0.8-5	0
TARA_102_DCM_0.8->	0
TARA_102_DCM_20-180	0
TARA_102_DCM_5-20	0
TARA_102_SRF_0.22-3	0
TARA_102_SRF_0.8-5	0
TARA_102_SRF_0.8->	0
TARA_102_SRF_180-2000	0
TARA_102_SRF_5-20	0
TARA_106_DCM_0.8-5	0
TARA_106_DCM_0.8->	0
TARA_106_DCM_180-2000	0
TARA_106_DCM_20-180	0
TARA_106_DCM_5-20	0
TARA_106_SRF_0.8-5	0
TARA_106_SRF_0.8->	0
TARA_106_SRF_180-2000	0
TARA_106_SRF_20-180	0
TARA_106_SRF_5-20	0
TARA_109_DCM_0.8-5	0
TARA_109_DCM_0.8->	0
TARA_109_DCM_20-180	0
TARA_109_SRF_0.22-3	0
TARA_109_SRF_0.8-5	0
TARA_109_SRF_0.8->	0
TARA_109_SRF_180-2000	0
TARA_109_SRF_20-180	0
TARA_109_SRF_5-20	0
TARA_110_DCM_0.8-5	0
TARA_110_DCM_0.8->	0
TARA_110_DCM_5-20	0
TARA_110_SRF_0.8-5	0
TARA_110_SRF_0.8->	0
TARA_110_SRF_180-2000	0
TARA_110_SRF_20-180	0
TARA_110_SRF_5-20	0
TARA_111_DCM_0.22-3	0
TARA_111_DCM_0.8-5	0
TARA_111_DCM_0.8->	0
TARA_111_DCM_180-2000	0
TARA_111_DCM_20-180	0
TARA_111_DCM_5-20	0
TARA_111_SRF_0.22-3	0
TARA_111_SRF_0.8-5	0
TARA_111_SRF_0.8->	0
TARA_111_SRF_180-2000	0
TARA_111_SRF_20-180	0
TARA_111_SRF_5-20	0
TARA_112_DCM_0.22-3	0
TARA_112_DCM_0.8-5	0
TARA_112_DCM_180-2000	0
TARA_112_DCM_20-180	0
TARA_112_SRF_0.22-3	0
TARA_112_SRF_0.8-5	0
TARA_112_SRF_180-2000	0
TARA_112_SRF_20-180	0
TARA_112_SRF_5-20	0
TARA_113_SRF_0.8-5	0
TARA_113_SRF_0.8->	0
TARA_113_SRF_180-2000	0
TARA_113_SRF_20-180	0
TARA_114_SRF_0.8->	0
TARA_114_SRF_180-2000	0
TARA_114_SRF_20-180	0
TARA_115_SRF_0.8->	0
TARA_115_SRF_180-2000	0
TARA_115_SRF_20-180	0
TARA_116_SRF_0.8->	0
TARA_116_SRF_180-2000	
TARA_116_SRF_20-180	0
TARA_117_SRF_0.8->	0
TARA_117_SRF_180-2000	0
TARA_117_SRF_20-180	0
TARA_118_SRF_0.8->	0
TARA_118_SRF_180-2000	0
TARA_118_SRF_20-180	0
TARA_119_SRF_0.8->	0
TARA_119_SRF_180-2000	
TARA_119_SRF_20-180	0
TARA_120_SRF_180-2000	0
TARA_121_SRF_0.8->	0
TARA_121_SRF_180-2000	0
TARA_121_SRF_20-180	0
TARA_122_DCM_0.22-3	0
TARA_122_DCM_0.8->	0
TARA_122_DCM_180-2000	0
TARA_122_DCM_20-180	0
TARA_122_DCM_5-20	0
TARA_122_SRF_0.22-3	0
TARA_122_SRF_0.8-5	0
TARA_122_SRF_0.8->	0
TARA_122_SRF_180-2000	0
TARA_122_SRF_20-180	0
TARA_122_SRF_5-20	0
TARA_123_SRF_0.22-3	0
TARA_123_SRF_0.8-5	0
TARA_123_SRF_0.8->	0
TARA_123_SRF_180-2000	0
TARA_123_SRF_20-180	0
TARA_123_SRF_5-20	0
TARA_124_SRF_0.22-3	0
TARA_124_SRF_0.8-5	0
TARA_124_SRF_0.8->	0
TARA_124_SRF_180-2000	0
TARA_124_SRF_20-180	0
TARA_124_SRF_3-20	0
TARA_125_SRF_0.22-3	0
TARA_125_SRF_0.8-5	0
TARA_125_SRF_0.8->	0
TARA_125_SRF_180-2000	0
TARA_125_SRF_20-180	0
TARA_125_SRF_5-20	0
TARA_126_SRF_0.8-5	0
TARA_126_SRF_0.8->	0
TARA_126_SRF_180-2000	0
TARA_126_SRF_20-180	0
TARA_126_SRF_5-20	0
TARA_127_DCM_0.8-5	0
TARA_127_DCM_0.8->	0
TARA_127_DCM_180-2000	0
TARA_127_DCM_20-180	0
TARA_127_DCM_5-20	0
TARA_127_SRF_0.8-5	0
TARA_127_SRF_0.8->	0
TARA_127_SRF_180-2000	0
TARA_127_SRF_20-180	0
TARA_127_SRF_5-20	0
TARA_128_DCM_0.22-3	0
TARA_128_DCM_0.8-5	0
TARA_128_DCM_0.8->	0
TARA_128_DCM_180-2000	0
TARA_128_DCM_20-180	0
TARA_128_DCM_5-20	0
TARA_128_SRF_0.8-5	0
TARA_128_SRF_0.8->	0
TARA_128_SRF_180-2000	0
TARA_128_SRF_20-180	0
TARA_128_SRF_5-20	0
TARA_129_DCM_0.8-5	0
TARA_129_DCM_0.8->	0
TARA_129_DCM_180-2000	
TARA_129_DCM_20-180	0
TARA_129_DCM_5-20	0
TARA_129_SRF_0.8-5	0
TARA_129_SRF_0.8->	0
TARA_129_SRF_180-2000	0
TARA_129_SRF_20-180	0
TARA_129_SRF_5-20	0
TARA_130_SRF_0.8-5	0
TARA_130_SRF_0.8->	0
TARA_130_SRF_180-2000	0
TARA_130_SRF_20-180	0
TARA_131_DCM_0.8-5	0
TARA_131_DCM_0.8->	0
TARA_131_DCM_180-2000	0
TARA_131_DCM_20-180	0
TARA_131_DCM_5-20	0
TARA_131_SRF_0.8-5	0
TARA_131_SRF_0.8->	0
TARA_131_SRF_180-2000	0
TARA_131_SRF_20-180	0
TARA_131_SRF_5-20	0
TARA_132_DCM_0.22-3	0
TARA_132_DCM_0.8-5	0
TARA_132_DCM_0.8->	0
TARA_132_DCM_180-2000	0
TARA_132_DCM_20-180	0
TARA_132_DCM_5-20	0
TARA_132_SRF_0.22-3	0
TARA_132_SRF_0.8-5	0
TARA_132_SRF_0.8->	0
TARA_132_SRF_180-2000	0
TARA_132_SRF_20-180	0
TARA_132_SRF_5-20	0
TARA_133_DCM_0.8-5	0
TARA_133_DCM_0.8->	0
TARA_133_DCM_180-2000	0
TARA_133_DCM_20-180	0
TARA_133_DCM_5-20	0
TARA_133_SRF_0.8-5	0
TARA_133_SRF_0.8->	0
TARA_133_SRF_180-2000	0
TARA_133_SRF_20-180	0
TARA_133_SRF_5-20	0
TARA_134_SRF_0.8-5	0
TARA_134_SRF_0.8->	0
TARA_134_SRF_180-2000	0
TARA_135_DCM_0.8-5	0
TARA_135_DCM_0.8->	0
TARA_135_DCM_180-2000	0
TARA_135_DCM_20-180	0
TARA_135_DCM_5-20	0
TARA_135_SRF_0.8-5	0
TARA_135_SRF_0.8->	0
TARA_135_SRF_180-2000	0
TARA_135_SRF_20-180	0
TARA_135_SRF_5-20	0
TARA_136_SRF_0.8-5	0
TARA_136_SRF_0.8->	0
TARA_136_SRF_180-2000	0
TARA_136_SRF_20-180	0
TARA_136_SRF_5-20	0
TARA_137_DCM_0.22-3	
TARA_137_DCM_0.8-5	0
TARA_137_DCM_0.8->	0
TARA_137_DCM_180-2000	0
TARA_137_DCM_20-180	0
TARA_137_DCM_5-20	0
TARA_137_SRF_0.8-5	0
TARA_137_SRF_0.8->	0
TARA_137_SRF_180-2000	0
TARA_137_SRF_20-180	0
TARA_137_SRF_5-20	0
TARA_138_DCM_0.8-5	0
TARA_138_DCM_0.8->	0
TARA_138_DCM_180-2000	0
TARA_138_DCM_20-180	0
TARA_138_DCM_5-20	0
TARA_138_SRF_0.22-3	0
TARA_138_SRF_0.8-5	0
TARA_138_SRF_0.8->	0
TARA_138_SRF_180-2000	0
TARA_138_SRF_20-180	0
TARA_139_SRF_0.8-5	0
TARA_139_SRF_0.8->	0
TARA_139_SRF_180-2000	0
TARA_139_SRF_20-180	0
TARA_139_SRF_5-20	0
TARA_140_SRF_0.8-5	0
TARA_140_SRF_0.8->	0
TARA_140_SRF_180-2000	0
TARA_140_SRF_20-180	0
TARA_140_SRF_5-20	0
TARA_141_SRF_0.22-3	0
TARA_141_SRF_0.8-5	0
TARA_141_SRF_0.8->	0
TARA_141_SRF_180-2000	0
TARA_141_SRF_20-180	0
TARA_142_DCM_0.22-3	0
TARA_142_DCM_0.8-5	0
TARA_142_DCM_180-2000	0
TARA_142_DCM_20-180	0
TARA_142_SRF_0.22-3	0
TARA_142_SRF_0.8-5	0
TARA_142_SRF_0.8->	0
TARA_142_SRF_180-2000	0
TARA_142_SRF_20-180	0
TARA_143_DCM_0.8-5	0
TARA_143_DCM_0.8->	0
TARA_143_DCM_180-2000	0
TARA_143_DCM_20-180	0
TARA_143_DCM_5-20	0
TARA_143_SRF_0.8-5	0
TARA_143_SRF_0.8->	0
TARA_143_SRF_180-2000	0
TARA_143_SRF_20-180	0
TARA_144_SRF_0.8->	0
TARA_144_SRF_180-2000	0
TARA_144_SRF_20-180	0
TARA_145_SRF_0.22-3	0
TARA_145_SRF_0.8-5	0.0116352913277701
TARA_145_SRF_0.8->	0.0118430139672838
TARA_145_SRF_180-2000	0.000399150413683435
TARA_145_SRF_20-180	0.000571335849400604
TARA_145_SRF_5-20	0.000799232974932969
TARA_146_SRF_0.22-3	0
TARA_146_SRF_0.8-5	0
TARA_146_SRF_0.8->	0
TARA_146_SRF_180-2000	0
TARA_146_SRF_20-180	0
TARA_147_SRF_0.8-5	0
TARA_147_SRF_0.8->	0
TARA_147_SRF_180-2000	0
TARA_147_SRF_20-180	0
TARA_147_SRF_5-20	0
TARA_148_SRF_0.8-5	0
TARA_148_SRF_0.8->	0
TARA_148_SRF_180-2000	0
TARA_148_SRF_20-180	0
TARA_148_SRF_5-20	0
TARA_149_SRF_0.22-3	0
TARA_149_SRF_0.8-5	0
TARA_149_SRF_0.8->	0
TARA_149_SRF_180-2000	0
TARA_149_SRF_20-180	0
TARA_149_SRF_5-20	0
TARA_150_DCM_0.8-5	0
TARA_150_DCM_0.8->	0
TARA_150_DCM_180-2000	0
TARA_150_DCM_20-180	0
TARA_150_DCM_5-20	0
TARA_150_SRF_0.8-5	0
TARA_150_SRF_0.8->	0
TARA_150_SRF_180-2000	0
TARA_150_SRF_20-180	0
TARA_150_SRF_5-20	0
TARA_151_DCM_0.22-3	0
TARA_151_DCM_0.8-5	0
TARA_151_DCM_0.8->	0
TARA_151_DCM_180-2000	0
TARA_151_DCM_20-180	0
TARA_151_SRF_0.8-5	0
TARA_151_SRF_0.8->	0
TARA_151_SRF_180-2000	0
TARA_151_SRF_20-180	0
TARA_151_SRF_5-20	0
TARA_152_SRF_0.8-5	0
TARA_152_SRF_0.8->	0
TARA_152_SRF_180-2000	0
TARA_152_SRF_20-180	0
TARA_155_DCM_0.8->	0
TARA_155_DCM_180-2000	0
TARA_155_DCM_20-180	0
TARA_155_DCM_3-20	0
TARA_155_SRF_0.8->	0
TARA_155_SRF_180-2000	0
TARA_155_SRF_20-180	0
TARA_155_SRF_3-20	0
TARA_158_DCM_0.8->	0
TARA_158_DCM_180-2000	0
TARA_158_DCM_20-180	0
TARA_158_DCM_3-20	0
TARA_158_SRF_0.8->	0
TARA_158_SRF_180-2000	0
TARA_158_SRF_3-20	0
TARA_163_SRF_0.8->	0
TARA_163_SRF_3-20	0
TARA_168_DCM_180-2000	0
TARA_168_DCM_20-180	0
TARA_168_DCM_3-20	0
TARA_168_SRF_0.8->	0
TARA_168_SRF_180-2000	0
TARA_168_SRF_20-180	0
TARA_168_SRF_3-20	0
TARA_173_DCM_0.8->	0
TARA_173_DCM_180-2000	0
TARA_173_DCM_3-20	0
TARA_173_SRF_180-2000	0
TARA_173_SRF_20-180	0
TARA_173_SRF_3-20	0
TARA_175_SRF_0.8->	0
TARA_175_SRF_180-2000	0
TARA_175_SRF_20-180	0
TARA_175_SRF_3-20	0
TARA_175_ZZZ_0.8->	0
TARA_175_ZZZ_3-20	0
TARA_178_SRF_0.8->	0
TARA_180_DCM_0.8->	0
TARA_180_DCM_180-2000	0
TARA_180_DCM_20-180	0
TARA_180_DCM_3-20	0
TARA_180_SRF_0.8->	0
TARA_180_SRF_180-2000	0
TARA_180_SRF_20-180	0
TARA_180_SRF_3-20	0
TARA_188_DCM_0.8->	0
TARA_188_DCM_180-2000	0
TARA_188_DCM_20-180	0
TARA_188_DCM_3-20	0
TARA_188_SRF_180-2000	0
TARA_188_SRF_20-180	0
TARA_188_SRF_3-20	0
TARA_189_DCM_180-2000	0
TARA_189_DCM_20-180	0
TARA_189_DCM_3-20	0
TARA_189_SRF_0.8->	0
TARA_189_SRF_180-2000	0
TARA_189_SRF_20-180	0
TARA_189_SRF_3-20	0
TARA_191_SRF_180-2000	0
TARA_193_SRF_0.8->	0
TARA_193_SRF_180-2000	0
TARA_193_SRF_20-180	0
TARA_193_SRF_3-20	0
TARA_194_DCM_0.8->	0
TARA_194_DCM_180-2000	0
TARA_194_DCM_20-180	0
TARA_194_DCM_3-20	0
TARA_194_SRF_0.8->	0
TARA_194_SRF_180-2000	0
TARA_194_SRF_3-20	0
TARA_196_SRF_0.8->	0
TARA_196_SRF_180-2000	0
TARA_196_SRF_20-180	0
TARA_196_SRF_3-20	0
TARA_201_DCM_0.8->	0
TARA_201_DCM_180-2000	0
TARA_201_DCM_3-20	0
TARA_201_SRF_0.8->	0
TARA_201_SRF_180-2000	0
TARA_201_SRF_20-180	0
TARA_201_SRF_3-20	0
TARA_205_SRF_0.8->	0
TARA_205_SRF_180-2000	0
TARA_205_SRF_20-180	0
TARA_205_SRF_3-20	0
TARA_206_SRF_180-2000	0
TARA_206_SRF_20-180	0
TARA_206_SRF_3-20	0
TARA_208_SRF_0.8->	0
TARA_208_SRF_20-180	0
TARA_208_SRF_3-20	0
TARA_209_SRF_180-2000	0
TARA_209_SRF_20-180	0
TARA_209_SRF_3-20	0
TARA_210_SRF_180-2000	0
TARA_210_SRF_20-180	0
TARA_210_SRF_3-20	0
